codeword_index,f1,f2,f3,f4,f5,f6,f7,f8,f9,f10,f11,f12,f13,f14,f15,f16,f17,f18,f19,f20,f21,f22,f23,f24,f25,f26,f27,f28,f29,f30,f31,f32
0,0.046053927863,0.028526284298,0.010263682516,0.010278195925,0.286062720142,0.066318266685,0.011734632634,0.010532338733,0.072244249005,0.018074638700,0.004779942309,0.013403946690,0.067670391249,0.019603894826,0.006163192140,0.004358509561,0.081286158773,0.168934845522,0.057749742739,0.025875933201,0.009457890718,0.005804920215,0.002287300302,0.004572283568,0.002331464473,0.000610485089,0.000336291227,0.000166482729,0.004410722074,0.001643110776,0.001229027296,0.001245894908
1,0.012126754047,0.018818638914,0.011112706090,0.009511250082,0.024054729077,0.023458942396,0.004509007282,0.003815855106,0.009002861465,0.003122522491,0.000954640297,0.005866815941,0.004963113714,0.004814094359,0.000677122316,0.000465701564,0.006108224094,0.005829756249,0.011275608669,0.011013202622,0.022077089156,0.035893243270,0.026370391563,0.006063928195,0.019959048799,0.099975240300,0.773542976150,0.033998136144,0.008742452352,0.026448472660,0.028171573151,0.011383839510
2,0.011400867714,0.015419642988,0.009375224666,0.012610076500,0.017565464454,0.015285428734,0.008138402763,0.008236268291,0.017235473840,0.043332041993,0.033411909601,0.017712625555,0.030588694602,0.180572331919,0.571221409856,0.108070496685,0.013496272203,0.027272479859,0.040066156473,0.020626509871,0.002003221096,0.001419435422,0.000714260319,0.000794187229,0.001237199093,0.000482180535,0.000805664137,0.000472977119,0.001972960668,0.001590818867,0.001428031376,0.004175584188
3,0.206618052077,0.066402717497,0.016281154732,0.013952605865,0.038260381680,0.014741138678,0.004965017291,0.003345014935,0.012199021924,0.002582919794,0.000722328227,0.003248679533,0.016967546323,0.003006521433,0.001185708978,0.001353212452,0.015172396916,0.007346194356,0.005385957866,0.007244493113,0.045741089315,0.011951519981,0.001715581261,0.002659495306,0.097093815048,0.006055216604,0.001175842131,0.001022254868,0.467690564407,0.052909302760,0.006599510114,0.005708947507
4,0.068970657245,0.032154518120,0.018529580335,0.010820253239,0.021334315478,0.007432170526,0.002840890586,0.003682315907,0.005691507786,0.002924415608,0.000715864618,0.003745075251,0.013013072560,0.003384837220,0.001151405060,0.001232019240,0.030579444750,0.017856319488,0.007895288778,0.003265271587,0.196229226933,0.033816025218,0.006785538600,0.005739523586,0.383082164439,0.027401181759,0.003899627924,0.003612254959,0.166782997018,0.033959987960,0.009988358828,0.006667586959
5,0.006769441762,0.005789459497,0.006624082611,0.009117352869,0.008050526382,0.013506112477,0.007813579751,0.005283364203,0.008918955639,0.036336526255,0.022995409721,0.013198902375,0.014966936542,0.041922967480,0.158029003136,0.628464553687,0.009162703748,0.019120814335,0.017000198167,0.041487530796,0.005236899541,0.005377329951,0.001539191418,0.001561130941,0.005459641478,0.000789242880,0.000172068281,0.000236967009,0.007552052736,0.005190127026,0.006290399669,0.003418421862
6,0.033932383826,0.027301662080,0.023588643651,0.014903786706,0.016254566951,0.011002937640,0.007481581125,0.006081796029,0.004594912275,0.005141366773,0.001745415072,0.004668075449,0.008352263170,0.003264156294,0.001151358663,0.001578995904,0.020590582445,0.046150626987,0.025774529612,0.009165792215,0.063899557993,0.633182972622,0.054358050853,0.021497366275,0.030855636135,0.043895270281,0.007875356479,0.001915567297,0.018844662735,0.017627111190,0.006502199616,0.004369350264
7,0.014847434927,0.013624872049,0.024174734280,0.017232960285,0.027199571245,0.006667384380,0.000904360172,0.000884182452,0.005901256905,0.003319104356,0.000486108774,0.001617324533,0.006933156678,0.002066323183,0.000293076155,0.000286992622,0.012384636741,0.002095455259,0.000419640119,0.000598134286,0.050206590690,0.087285859367,0.008471887435,0.005065702194,0.106569074746,0.516560233257,0.077515626201,0.014117009314,0.026404905688,0.049625405385,0.031299831110,0.008609799445
8,0.023897651148,0.026255011108,0.028485674951,0.018603107993,0.014537018271,0.018024199208,0.012625694601,0.005426945647,0.006677510478,0.005253476192,0.004805103168,0.005839539141,0.006963196419,0.005614282362,0.003467853189,0.002196905240,0.013285013877,0.020482847661,0.036671800962,0.014878191542,0.019087554642,0.115260779967,0.498379939178,0.098018796972,0.007910726371,0.017207961547,0.022229351292,0.007064140248,0.009134634662,0.019757023242,0.015942764728,0.010789453682
9,0.009127469385,0.017739943097,0.022206355646,0.007991907573,0.011887097075,0.007327323147,0.005297696696,0.001479815151,0.009934374268,0.003417226610,0.000419847888,0.002518673616,0.009118681939,0.004220881273,0.000414286310,0.000348589033,0.004904282452,0.011889777964,0.011476743297,0.004140356125,0.008171777029,0.021680729163,0.018250607268,0.047743247323,0.014951685782,0.019519285509,0.042909810771,0.759096946416,0.007936947824,0.032169128593,0.044178745060,0.021017358856
10,0.032820713856,0.009562380511,0.004565354970,0.002989563607,0.017748694136,0.006381980896,0.002334436901,0.002340593233,0.005633270335,0.001506073736,0.000812468231,0.004939665832,0.010007357086,0.001140502031,0.000603919705,0.001003477525,0.096236094212,0.020961400206,0.009463742530,0.004836294292,0.684236368926,0.055791189489,0.007943413521,0.011008921835,0.038892028586,0.002547756500,0.001042389520,0.000477439871,0.019192588730,0.003746874327,0.001405922346,0.000721306973
11,0.032933647856,0.039308558722,0.019749970291,0.017199835428,0.008979808524,0.005786359100,0.000867453932,0.001144155195,0.002410400995,0.002250420959,0.000532449342,0.003946663964,0.001909548149,0.000580529124,0.000339655497,0.000482714386,0.003710256673,0.000674032834,0.000340137080,0.000396346366,0.006847727586,0.004020784353,0.000489294315,0.000599605927,0.023769748325,0.016797546288,0.002807971417,0.002434026701,0.099744067892,0.607195624066,0.150834437138,0.048139916451
12,0.007392594304,0.009682453435,0.023492746658,0.091225141139,0.001911370448,0.005070169042,0.004243141224,0.009450765285,0.001533416143,0.002657161752,0.003536719746,0.008918390486,0.002202487363,0.004114936575,0.002035859077,0.002127980647,0.000915362065,0.000888962196,0.001005729813,0.000981178755,0.000679608875,0.001065464431,0.000727987414,0.004806923818,0.001031711993,0.001030816086,0.002026974807,0.004831111423,0.004487223091,0.013364686043,0.073016217745,0.742980955219
13,0.017670945783,0.048030536284,0.083260238042,0.044663765485,0.009036996660,0.010978574043,0.009964100998,0.011304216777,0.007602345272,0.012435239698,0.008603244794,0.013354939893,0.005170443040,0.007871184916,0.005729794358,0.005875062782,0.004074993490,0.003938833975,0.002815776002,0.001867790505,0.004005830405,0.003149419337,0.003352111136,0.001638453873,0.008280676260,0.010639338138,0.011968115339,0.003104321549,0.020037119696,0.132740694320,0.466451096153,0.111488421951
14,0.013099108133,0.015818102592,0.012515384085,0.010827327543,0.007818146096,0.010771428159,0.009287859931,0.011257393497,0.003389886406,0.003593554583,0.001876291292,0.005594530838,0.005342689271,0.004170712160,0.003076963118,0.002572695494,0.010897294832,0.018400540489,0.027829721042,0.104721871482,0.012434119138,0.039049443094,0.064270882131,0.660725978859,0.006872498519,0.008355048915,0.007844448801,0.007887098565,0.007856377025,0.010729109739,0.004672087549,0.009285439709
15,0.005592854676,0.004680743823,0.004757168835,0.007493133861,0.005166173909,0.004105296068,0.002090201619,0.002212282225,0.003083170360,0.002604186927,0.001385899465,0.003503411268,0.006796944900,0.008962585370,0.008994107352,0.007767471564,0.009869074357,0.027171395844,0.075211535931,0.771153263419,0.003514800956,0.004220881913,0.005849417629,0.033721776126,0.001093581550,0.001004417637,0.000830543093,0.000544656886,0.001459697884,0.001285594349,0.001286749952,0.002000585780
16,0.009828420549,0.014141299192,0.012776184570,0.007990655886,0.021868412735,0.022609512389,0.009706470850,0.005862419398,0.042390364234,0.064447398572,0.013312377352,0.017848810205,0.085778938023,0.500208431820,0.077691751943,0.023311691588,0.015438313234,0.080531966248,0.032837064262,0.014280190550,0.002220093640,0.002715472021,0.000767194394,0.001215510913,0.001130752591,0.000422147719,0.000259751814,0.000176135642,0.002408145361,0.003448901809,0.004533836212,0.001656806006
17,0.007201047835,0.005850256321,0.004121107112,0.006192537960,0.008682342198,0.006329471817,0.003162851732,0.002296253752,0.006121182236,0.003420672399,0.001327989045,0.005462805574,0.010316954698,0.009046945583,0.006593086894,0.003586821440,0.017417875763,0.114139869861,0.714557684508,0.072095703812,0.004662021069,0.007241071460,0.004800246974,0.008210779069,0.001746856163,0.000648535274,0.000277537681,0.000189949546,0.002167583915,0.001183433134,0.001487921563,0.001138054020
18,0.012059249023,0.013020768287,0.020233457459,0.064327466078,0.011618399895,0.045302089619,0.164138137595,0.603873307896,0.005597598129,0.012004808461,0.017884685378,0.050191639801,0.003917595722,0.003043888968,0.002240265057,0.002335458589,0.004670714843,0.003268645788,0.001879886349,0.003665210133,0.002144767811,0.003507490809,0.001877765412,0.005559064182,0.001163692625,0.001249228942,0.000878409698,0.000757992100,0.003336091275,0.002335878082,0.002260493807,0.003467855156
19,0.009366707290,0.012470261548,0.014495269777,0.022945946434,0.018847179893,0.049659270955,0.083893844279,0.103991794269,0.017294793327,0.078490765332,0.231924085633,0.358186565455,0.008138949136,0.010434058665,0.016010515875,0.011749134204,0.004427537134,0.005995727211,0.004695288477,0.009439464443,0.001964642173,0.002587495130,0.002255345331,0.005084034731,0.001328405496,0.002422339544,0.002940646288,0.001930645140,0.001830286174,0.003316025878,0.005282765802,0.009721054440
20,0.012459734043,0.016361792836,0.013398150669,0.010239609275,0.036338031347,0.083735778489,0.028515443555,0.013076115018,0.074912117180,0.609603974630,0.063427670457,0.038709946842,0.020277966750,0.044817305675,0.013336451771,0.004747649343,0.006206518866,0.008739928057,0.003797619944,0.002937339265,0.001764832488,0.002134519382,0.000360937186,0.001064933898,0.001306468808,0.001393407245,0.000488585272,0.000283994746,0.002157456509,0.003198942946,0.004495286695,0.002035830666
21,0.008595800266,0.022430264125,0.038835607201,0.023809684430,0.028737643488,0.196509602975,0.541502550710,0.111026542508,0.011288705596,0.019446247804,0.017888247253,0.024983441221,0.008204181266,0.004279476428,0.002354390216,0.001852966129,0.005606954563,0.005271557849,0.003871776334,0.003216581928,0.001662026853,0.001855881485,0.000795992559,0.003389336492,0.000828644586,0.001012647834,0.000341664126,0.000223517088,0.001341439080,0.001191593754,0.001798235483,0.001432671729
22,0.020599851026,0.020099250575,0.012385713635,0.007014966296,0.156586582871,0.049726794735,0.012782436084,0.008862207610,0.542527293517,0.055005483208,0.010638069613,0.030271520296,0.093216637687,0.015455731330,0.004109150960,0.003076854662,0.011010286007,0.008042889122,0.004322051575,0.002120457232,0.002267698125,0.000751585409,0.000267501742,0.001037266646,0.001058959660,0.000424469196,0.000073170577,0.000101468151,0.002109502888,0.002138209925,0.001326583591,0.000992552347
23,0.007352033688,0.010975168076,0.017303039433,0.009177577566,0.016732721785,0.049781112964,0.070980238613,0.022447295195,0.019767740555,0.167596072605,0.530666125492,0.119194645111,0.016652842834,0.021504539745,0.024753856010,0.015957620107,0.007731605780,0.011153408686,0.007488292921,0.004732866422,0.002603975301,0.002961750764,0.001312456743,0.002410092665,0.001564580170,0.000965304251,0.000679379964,0.000979624606,0.002630567522,0.002972242956,0.002732135136,0.005510139107
24,0.018307989349,0.009052510356,0.005389884575,0.003979878319,0.018992785911,0.005838842503,0.002314718105,0.001816660478,0.015348814794,0.003537142469,0.001482933632,0.008826842451,0.077080366934,0.007067224693,0.003113909861,0.005419739270,0.709749872445,0.056081913958,0.007544129367,0.015832102512,0.035097913049,0.003408004514,0.001282090048,0.003344668243,0.003326165210,0.000410498618,0.000157267623,0.000115307609,0.005470486837,0.001829032417,0.001185318846,0.000764967128
25,0.021081206915,0.011426465722,0.006965696065,0.004758791962,0.031915484068,0.008639596532,0.002691593008,0.001856060749,0.079367676558,0.008230517927,0.003030685205,0.016977477816,0.688835131033,0.044907442266,0.008900678235,0.016407553723,0.070584069745,0.015386261722,0.002985032859,0.004756902960,0.004813454495,0.000525946206,0.000259992495,0.000627422719,0.001909589808,0.000145442232,0.000084323860,0.000092768940,0.002585956089,0.001218252485,0.000849897112,0.000663585776
26,0.701221859033,0.074163093568,0.023297885619,0.034576172943,0.088283986390,0.014387412348,0.005663359557,0.006836256441,0.005220396930,0.001030112594,0.000703812063,0.004877190767,0.005254017979,0.001084630158,0.001394576567,0.001012635572,0.008457580950,0.003912316104,0.002228595795,0.001588966872,0.008341483913,0.002547682595,0.001148012772,0.002444391395,0.006496827198,0.000508099139,0.000522200873,0.000460998473,0.026511923132,0.003474226610,0.002813601822,0.002840074471
27,0.004245092066,0.014303707855,0.087139145413,0.802198433315,0.002845623727,0.007783007436,0.012822954472,0.031280900006,0.000511081512,0.001479645838,0.001734326244,0.006177354545,0.000615194631,0.000557716313,0.000612201781,0.001577521071,0.000286203530,0.000324533750,0.000463846339,0.002064771074,0.000358460009,0.000855699109,0.000599902243,0.002095965414,0.000495707849,0.000461036853,0.000458003866,0.000775450268,0.001068792969,0.001587481493,0.003597612865,0.026305363446
28,0.010952599844,0.106036572937,0.695586159909,0.164704246832,0.006448410173,0.015562398988,0.017782151099,0.006586332922,0.001240734599,0.001608739638,0.000634760215,0.004375496845,0.001078273652,0.000844054568,0.000573917020,0.001052415788,0.001883075288,0.001847483781,0.000879107107,0.002712983134,0.001816810039,0.000777249317,0.000575413096,0.002005563095,0.001180264487,0.000364160153,0.000246737771,0.000270881101,0.002070306646,0.002898565380,0.004722908386,0.002932506268
29,0.009394790085,0.007595868312,0.004746592546,0.004396728923,0.011929072436,0.007947919251,0.002697396750,0.002004338611,0.009698853499,0.003543739810,0.000995309209,0.007835531042,0.025734188774,0.015356595196,0.003354009978,0.004697795093,0.083765922104,0.722605755513,0.058294678620,0.026712279142,0.010501276726,0.008476632490,0.001661798232,0.005984723044,0.001847082977,0.000452407324,0.000220026092,0.000130353150,0.002902878286,0.001186194140,0.000760433669,0.000435333863
30,0.012349793163,0.048911642757,0.021059694312,0.018250110823,0.084511655858,0.663086052853,0.087469800396,0.025976135535,0.018590844852,0.025428200894,0.006429220786,0.017326381410,0.008660603152,0.004618243943,0.001837486507,0.001535495751,0.005126977189,0.007096898845,0.004224397783,0.003332609762,0.002014621986,0.001156879384,0.000690851628,0.002453316541,0.000801345562,0.000214873190,0.000127387908,0.000284089654,0.001673664264,0.001001662819,0.000745345532,0.000845250800
31,0.075427742358,0.693940402283,0.094092490553,0.039368713449,0.022643845687,0.035656720148,0.006009487033,0.004964166539,0.003250172995,0.001382876131,0.000429887556,0.005472171797,0.003557038166,0.001314994479,0.000426404626,0.000936317816,0.004382575508,0.005592170725,0.003857628863,0.002114529432,0.004901312669,0.002133117748,0.000533047117,0.001637785636,0.002334496793,0.000334255656,0.000169856277,0.000188404963,0.005510469294,0.003882778169,0.002328941074,0.000857065044
32,0.017420655985,0.004570919320,0.001719703252,0.002199165039,0.923979039849,0.015924326115,0.003140616387,0.006099848050,0.012779446151,0.000699848083,0.000251935178,0.002375545543,0.005053056282,0.000296744293,0.000044605421,0.000037605338,0.002312145896,0.000587611134,0.000160776589,0.000110077363,0.001894336881,0.000333342840,0.000079823571,0.000372824769,0.001090193026,0.000034561274,0.000007150779,0.000006737314,0.001680382743,0.000122628962,0.000103049289,0.000017303185
33,0.008026991642,0.013280969765,0.014683434753,0.029207486966,0.002019251536,0.014828730389,0.012765760875,0.008478321571,0.000825718295,0.000911740868,0.003433996586,0.004744201306,0.001149907103,0.001905184276,0.002569101158,0.003007907578,0.003771451885,0.009270194269,0.021211131535,0.090536494928,0.011880546758,0.032787489332,0.053843221693,0.358913621231,0.008069822809,0.015376739569,0.077563291905,0.277464333306,0.005744129273,0.011360753213,0.013036995662,0.036193641512
34,0.027987374647,0.020561593322,0.009237114712,0.005611275874,0.129983962908,0.035882729972,0.008488497012,0.006209683241,0.328556022560,0.037773017295,0.008073638801,0.024198905875,0.261562385444,0.045525336666,0.010729259806,0.008360696598,0.036551304485,0.030313193057,0.010847767906,0.006763961719,0.004139798421,0.001439578097,0.000491363612,0.001733998900,0.001927922036,0.000286580048,0.000207530293,0.000139826749,0.005419187969,0.001666180983,0.001079843569,0.000760116392
35,0.163038134484,0.107045296585,0.056078289582,0.032107615308,0.036452513793,0.022530232308,0.012407910083,0.007766367761,0.012416587761,0.008094216482,0.003070358721,0.005487796129,0.016973493309,0.005738127345,0.002672713433,0.002073360292,0.036210809100,0.025061140016,0.016795512580,0.013886327337,0.090570526353,0.034027801954,0.008770576364,0.007756865875,0.094077114544,0.011689116201,0.003211895366,0.002044593011,0.193419523157,0.044499789547,0.014901281688,0.010068767253
36,0.012485293889,0.092014049634,0.426920580407,0.398640635311,0.008314241399,0.018874527074,0.018975599243,0.013813400892,0.001755981214,0.002589456121,0.001663928505,0.005041393286,0.001586000342,0.001321531359,0.001080691318,0.001487683784,0.001578077190,0.002141397743,0.001152026989,0.002346437451,0.001428651639,0.001798851805,0.000638890768,0.001816779640,0.001045953801,0.000790880077,0.000474995283,0.000411020892,0.002893075014,0.004463644905,0.007559484253,0.008132066218
37,0.050932974300,0.013336950500,0.007023013510,0.005867225121,0.035205742376,0.014977802484,0.009306275300,0.004813887508,0.017972507846,0.005802196084,0.002375540043,0.006722835367,0.043429010708,0.007543987578,0.002055244780,0.003067716973,0.347410858413,0.062009778836,0.013020050190,0.009748408146,0.272242658313,0.028117272461,0.008128838041,0.009014837756,0.032244978030,0.002267635542,0.000784019774,0.000549067355,0.029168221655,0.004973536579,0.003149161640,0.001829701691
38,0.023268363942,0.043654460231,0.107497245120,0.422515509062,0.007786973134,0.011406105548,0.013030168724,0.021853685581,0.002795906453,0.006249515454,0.003747899131,0.010255998872,0.004102946080,0.002430519622,0.002368559103,0.003829375332,0.002600767209,0.004251647125,0.002129661127,0.004511344593,0.002583687538,0.002729467480,0.002954952521,0.005443140576,0.002487854447,0.001728069706,0.003774626405,0.004058093263,0.007116572001,0.012110825296,0.043816473952,0.245849137451
39,0.007658382665,0.014478568828,0.028151097992,0.038970563018,0.021946736995,0.131351671874,0.376481099160,0.322807407319,0.008005656737,0.023038027259,0.027286084016,0.041232100730,0.006539340963,0.004646465352,0.002181444509,0.001976702911,0.004019754308,0.005106012356,0.003674470585,0.002921865510,0.001471989072,0.002989689187,0.001310222683,0.004331909973,0.000597334292,0.000315871652,0.000319418211,0.000492360562,0.001353222004,0.000666653668,0.000641014890,0.001290648349
40,0.007311658616,0.007244079867,0.007223527347,0.006569390973,0.030419683681,0.061594095796,0.045811534340,0.018987209673,0.051589339404,0.391206830730,0.301365953132,0.093145040611,0.018841833052,0.036858974333,0.026866834714,0.011966608205,0.005049784973,0.005976563077,0.002929040774,0.002004558601,0.001473012687,0.002871599673,0.002203528343,0.001975253958,0.001656159524,0.000939895173,0.000415080503,0.000576282228,0.002398132623,0.002458587910,0.003148769993,0.002969854198
41,0.010466529685,0.010253570442,0.012201013658,0.012936612520,0.007645524865,0.011967476704,0.006906632793,0.009816014383,0.006725081435,0.008132150291,0.003434543859,0.007455364081,0.010620464590,0.015239195861,0.010411251285,0.010089363075,0.013785997175,0.041916477172,0.076937862098,0.404098634066,0.008031813379,0.024909619770,0.038387120087,0.265120179323,0.005857174731,0.004874732401,0.004932516332,0.005509407701,0.005436808280,0.005949978177,0.004474315541,0.004329024634
42,0.031363833408,0.028081915266,0.022065780182,0.051536396398,0.045603090612,0.011542742074,0.010611206486,0.017859501351,0.011271962946,0.002855942704,0.003814948771,0.010726035502,0.004886676455,0.005279657138,0.014197854235,0.002347389227,0.017052651230,0.034747775860,0.010524214009,0.013386520857,0.033959536566,0.059795311366,0.043972229444,0.062322080253,0.017602873995,0.023983413387,0.086180378457,0.355674309139,0.009397473871,0.012259416615,0.024823683372,0.064532381298
43,0.459070959779,0.241390257620,0.055961795709,0.037800437583,0.075027591824,0.023052880644,0.006291369892,0.006298152265,0.007286329721,0.002611954967,0.001032878229,0.006313143829,0.008075317574,0.001437708859,0.000661227393,0.001692930659,0.011343915116,0.006115575566,0.002591106665,0.003329022487,0.014399290906,0.003979194913,0.001838032001,0.003712745662,0.009422299770,0.001231609255,0.000681791624,0.000773759622,0.036973572689,0.007789330539,0.003772534111,0.002672774027
44,0.037998810425,0.036744460858,0.031839873987,0.026582991099,0.019323089300,0.019829870593,0.014774714861,0.012952260722,0.009734046875,0.009103049516,0.004480517580,0.007603772407,0.015446334505,0.010976221662,0.006491770612,0.005146420080,0.027821259264,0.070853971613,0.118458604060,0.075698345211,0.036517211715,0.123338222938,0.168138515717,0.069798763307,0.018212777481,0.016688796734,0.017793644609,0.006388659097,0.024370024914,0.019620115025,0.017935573688,0.016107019247
45,0.034277130030,0.023987526251,0.013647673205,0.009188920772,0.070290402226,0.029611673627,0.011694836643,0.007430063945,0.129078338414,0.029896811137,0.007735084825,0.018864660694,0.428942112504,0.071294553900,0.014247967743,0.013690619771,0.062887173517,0.042365657043,0.011439908930,0.008846362816,0.007825651522,0.001669033932,0.000776078113,0.001431075139,0.002212121573,0.000420781769,0.000303776662,0.000130845271,0.007858423276,0.002827417075,0.001860721942,0.001133983045
46,0.016477435905,0.018496160406,0.013144855919,0.012148941859,0.035475862891,0.038868390556,0.021416617261,0.013905200534,0.048984806671,0.087068628725,0.034839240977,0.028575201153,0.069741838212,0.210213868012,0.193337805853,0.053381450195,0.024253518418,0.070337425070,0.063950156216,0.032653104149,0.004156079806,0.004046449581,0.001976031415,0.002713705693,0.003020041858,0.002010365035,0.000745136203,0.000393637957,0.004785187801,0.004899836123,0.004775990800,0.003807762729
47,0.023228899583,0.010758974974,0.004950948201,0.004434897740,0.058607892390,0.015584094788,0.005477005278,0.003771698126,0.070975662644,0.012642681330,0.004226940971,0.013080809741,0.331907179049,0.031669309886,0.007539483344,0.010273567427,0.317274629170,0.059421663528,0.011079145268,0.013324786768,0.020019090230,0.002144821229,0.001477940101,0.002794762822,0.003402768944,0.000484558286,0.000233147274,0.000133919486,0.006085091637,0.001993670108,0.001462877528,0.001119975977
48,0.043415626520,0.050966592303,0.042567861167,0.032461488195,0.027320760493,0.033643625607,0.025262152167,0.018056135458,0.016062478161,0.024321887779,0.016131757348,0.015212037944,0.014472474978,0.015562445546,0.010928212850,0.005539512334,0.019685159780,0.015009452473,0.014406959912,0.012639975123,0.042957471804,0.083296535935,0.037776057531,0.019709030356,0.070842104407,0.150564714221,0.055232100922,0.018046773501,0.048797292608,0.074355502845,0.044588915302,0.019156186651
49,0.012190911961,0.040079791997,0.037260643414,0.027080235745,0.061606417196,0.450872148765,0.251524339274,0.072689442791,0.016652723748,0.030647332061,0.016022007554,0.023060797630,0.009007304821,0.004349000443,0.001698211983,0.001496179649,0.004950855426,0.006061876383,0.002954226768,0.002849769935,0.001585562264,0.001253990863,0.000809591869,0.002829417696,0.000614751060,0.000501352902,0.000169648576,0.000198729657,0.001357779497,0.000823127210,0.000517205987,0.000846821362
50,0.011501107229,0.005066176706,0.002853284260,0.002902496807,0.015226076970,0.004623611051,0.002374111695,0.001910954733,0.014246010162,0.004059481066,0.001326305024,0.007279591868,0.054470800586,0.012083470040,0.003978002758,0.004770899382,0.352736685515,0.417321252343,0.048515221743,0.027327962716,0.020539423123,0.007461142004,0.001796246736,0.005118501292,0.003448211105,0.000486535138,0.000238721229,0.000141335310,0.004605845914,0.001701443054,0.001378009883,0.000696729078
51,0.020981201317,0.012849176123,0.006132922963,0.007452843586,0.074587814511,0.045449386690,0.015615729168,0.008424816256,0.085519470161,0.061349739714,0.020549729827,0.020020710290,0.091308197321,0.072604355201,0.024527412556,0.010792452338,0.039156545336,0.125518625017,0.242966692333,0.053084607448,0.005343203345,0.004067640059,0.001906219953,0.004773549461,0.001744275431,0.000565951629,0.000552266461,0.000336042306,0.002999647355,0.001458563811,0.001568095834,0.001605453014
52,0.012460194521,0.025918943886,0.096269081087,0.379319190542,0.013576450205,0.051199030006,0.111574877955,0.224789079945,0.005107807843,0.017325116625,0.014752412512,0.025701986403,0.004296746203,0.004858131626,0.004074851098,0.003967408465,0.003283058926,0.004583759488,0.004430751187,0.005697910161,0.001907278124,0.002953443662,0.002303115529,0.005326270013,0.000865554494,0.000923120761,0.001198598242,0.001085655867,0.001630707737,0.003442950280,0.005172583966,0.012847084946
53,0.022978495463,0.027865608103,0.024848744309,0.024513589559,0.051043766534,0.090559064631,0.073414221429,0.038447403101,0.043723524196,0.166537039486,0.215945277427,0.100404572432,0.029189753782,0.033026725081,0.031205913469,0.015062497444,0.019347912895,0.026074451673,0.019548809413,0.010748211915,0.006514389440,0.005153099019,0.002753659515,0.003886568545,0.003874250934,0.001982310530,0.001834654903,0.001424419635,0.007782577622,0.008566183133,0.007746576709,0.007695169029
54,0.202926196788,0.077334013124,0.019357475013,0.014974706800,0.088050596084,0.029063633128,0.008618367322,0.005700436597,0.023771158935,0.008033547373,0.002754606220,0.007366440116,0.034967841696,0.011277426364,0.003141649870,0.002994269045,0.093045494579,0.240407066480,0.052183362793,0.019646146171,0.031351682913,0.012760930001,0.003503181813,0.006449484576,0.011520023041,0.001466251992,0.000657452554,0.000518981316,0.025930619730,0.005211519542,0.002517145818,0.002972413308
55,0.027495047080,0.112175247095,0.422905361386,0.136082783010,0.031018208423,0.054212327646,0.057041800728,0.023559300771,0.011475866932,0.011199026618,0.004812066634,0.007954524116,0.010503185573,0.005237409847,0.003447513244,0.004180972616,0.013444121226,0.013823089110,0.015767426135,0.009555459139,0.012437203873,0.008542405708,0.003190361757,0.005593990593,0.007559363229,0.002521872810,0.001147243289,0.000886858229,0.011169975535,0.010278471793,0.017273828426,0.008929997488
56,0.259858848181,0.431013725026,0.077281733277,0.038005719894,0.053326309833,0.027035719762,0.006350591366,0.005994753365,0.009170544148,0.002348814250,0.000910744824,0.006407661383,0.009341437771,0.002102337315,0.001073189719,0.001635443892,0.013632983210,0.008617488625,0.004959002004,0.003191463087,0.013620565376,0.004625984217,0.001421815613,0.003100527609,0.007909094507,0.001097703730,0.000536543980,0.000518174527,0.027664102268,0.010891657086,0.004116295649,0.002692408761
57,0.018999830601,0.020593740630,0.009915003995,0.010619773885,0.011223196424,0.007900285672,0.002886946759,0.001524679552,0.005952497507,0.005474863416,0.004452239135,0.003845642982,0.004936766023,0.004451728289,0.002209690838,0.000692734743,0.017457320364,0.031648211628,0.013233228674,0.004688141058,0.027090707120,0.056548365950,0.021503811598,0.021284564614,0.017212784309,0.039091210167,0.421795315601,0.400149261468,0.009907821383,0.009157659099,0.010239850250,0.012982272278
58,0.057396831185,0.458619808518,0.282546199645,0.092163660301,0.023731817254,0.036779304174,0.013654452928,0.007897050359,0.003527206689,0.001969559237,0.000788318813,0.005193944720,0.003148752565,0.001833944648,0.000671374980,0.001001351826,0.003550472675,0.005305772978,0.003822956647,0.003208240053,0.003684873303,0.001773183997,0.000630107104,0.001775221775,0.002489911291,0.001217321564,0.000395027098,0.000267835226,0.007836436511,0.007445057506,0.004927750324,0.003050365387
59,0.061225180691,0.128525199298,0.081701198213,0.045730293708,0.020179720917,0.017398411397,0.010688671315,0.008753682203,0.014597506514,0.015610746415,0.005756192978,0.009856167617,0.014257526411,0.011459868870,0.006823367084,0.003478372915,0.016893441545,0.017940082304,0.010360960905,0.006414706045,0.026181079425,0.021020111806,0.004770692864,0.005024160690,0.046197798750,0.029432697667,0.005585267232,0.002858723334,0.097106091074,0.255872207834,0.073222841824,0.020413162446
60,0.012728991578,0.008084924766,0.006132715155,0.007962280283,0.026799168244,0.030298927671,0.015693320209,0.010514563164,0.039755192316,0.059801950019,0.026085843236,0.020212214455,0.058989156298,0.096826896088,0.071461823954,0.037845041300,0.024494460044,0.083348443870,0.146621045979,0.242796444475,0.004292382840,0.007172580458,0.006188106800,0.016121995889,0.001684285037,0.001141356508,0.000776423373,0.000594262096,0.002572947473,0.002464656865,0.002431554527,0.002671527652
61,0.028838059970,0.047659242988,0.041084375760,0.038634959387,0.071042240341,0.142521952009,0.056532168528,0.027254859463,0.073466448661,0.337220901003,0.055798250766,0.037670124350,0.026018185378,0.036120011983,0.015166941449,0.005595886232,0.009952698326,0.012299554019,0.006628511048,0.003011808285,0.003773924611,0.002453838837,0.000935029764,0.001707673318,0.001916564703,0.000836567310,0.000430484449,0.000245692399,0.005105051708,0.004040891517,0.004775215418,0.003971373012
62,0.019388099467,0.013911163521,0.005937497223,0.005238722955,0.059673406259,0.028546280467,0.008085210774,0.005266694625,0.093010416137,0.035217272686,0.008535992039,0.016202593812,0.202919874194,0.079273633421,0.018322504434,0.011980979308,0.107587630832,0.243598130754,0.049028058441,0.025256255235,0.006137739645,0.002927493187,0.001050838607,0.003629947909,0.002101291432,0.000411059181,0.000272743452,0.000222208016,0.003814782837,0.002546009470,0.001576676804,0.000873310657
63,0.080695681440,0.019128715754,0.019066092417,0.046581653031,0.029646464713,0.016320206044,0.009762629882,0.014335137803,0.011801561750,0.013856101030,0.002542299576,0.002728631270,0.015386197871,0.009660003032,0.002653933371,0.001863395583,0.063179283916,0.238150652693,0.035204307726,0.020653205512,0.026996528190,0.026113817021,0.015269438829,0.047843303476,0.012723976436,0.005348698320,0.004022195370,0.004528328470,0.019430645799,0.018768851122,0.028034651388,0.196717993550
64,0.243061715017,0.106823058116,0.033984061416,0.028476131261,0.145571762004,0.203769548822,0.065936358879,0.029504128304,0.023454282928,0.018656393821,0.008121982052,0.013670088653,0.016410585935,0.004683516042,0.002028567100,0.001777591895,0.018859961954,0.011695556391,0.006872519604,0.004617541741,0.017337839805,0.006146130336,0.002238159615,0.004146878616,0.008699425724,0.001253301453,0.000779146229,0.000523733400,0.022190924651,0.004125276906,0.001905030731,0.001610328233
65,0.035068832709,0.016904619912,0.009097502569,0.006426055393,0.014531551711,0.008438168353,0.004990937800,0.002766769798,0.005904031061,0.006516203816,0.002186249213,0.003619991585,0.008858203977,0.003445683317,0.001728713516,0.001250638751,0.057363618641,0.078593803984,0.029663582937,0.012365164781,0.311219338816,0.318862005237,0.047302231745,0.018417854364,0.056231949855,0.011610763982,0.003760877489,0.001618557776,0.027991223678,0.008211117466,0.003771589723,0.002211363212
66,0.346733521336,0.064739548638,0.017337392975,0.022935078077,0.378268926698,0.040612474414,0.009226912207,0.010860752294,0.035512115600,0.004912993723,0.001201770579,0.008588039360,0.020178074974,0.002361370032,0.000772819952,0.000921125277,0.016701351895,0.004340483550,0.002070676303,0.001757705185,0.011133962940,0.002068629735,0.000895531054,0.001418446710,0.005354318927,0.000631165243,0.000224063740,0.000233416057,0.016655071004,0.002619745146,0.001423436809,0.000929645014
67,0.042936641559,0.021997696742,0.009607809744,0.008965365032,0.405727273774,0.055842257707,0.010013529735,0.011718290709,0.228017926353,0.025487744154,0.006376744437,0.020649018633,0.103458128106,0.017906047623,0.005045850320,0.004158499250,0.032078521078,0.014705602672,0.004561944997,0.003958045649,0.004793054297,0.001296433552,0.000521119646,0.001841814559,0.001270416088,0.000194079675,0.000143933240,0.000101695196,0.003011003279,0.001059269340,0.000715608280,0.000553124218
68,0.028365074069,0.033976588536,0.044683953731,0.036224468114,0.017757666716,0.035873154456,0.029649386137,0.032919390799,0.014713822092,0.036559775678,0.035070214460,0.031577441205,0.012668471493,0.006503562798,0.004413557946,0.004687886062,0.008703598299,0.010589913170,0.006850560932,0.007732185782,0.008280094894,0.018526830836,0.036422863216,0.021485846122,0.021949055416,0.112665411315,0.296973822731,0.067711519138,0.014797499356,0.034028630871,0.062117496301,0.030611674333
69,0.023053860181,0.031954600064,0.030495423282,0.019022181896,0.032515566657,0.040460692068,0.017681842952,0.007928627053,0.032873914400,0.064472279531,0.055835893086,0.033590720534,0.040064856722,0.077308008862,0.214352158817,0.252106875857,0.018718374285,0.027441778823,0.031370333184,0.033403768641,0.008124738125,0.003545412772,0.001712346200,0.003302914443,0.004951424105,0.000996188984,0.000712752096,0.000649080634,0.006789835324,0.005637264848,0.005917092110,0.006467145604
70,0.032986938443,0.039751678568,0.047627719287,0.074709510596,0.042302152604,0.083775492276,0.158768297178,0.296323270097,0.019048921949,0.027115252370,0.025833225927,0.043842741566,0.017104671691,0.012129948381,0.007324265902,0.005009658275,0.022578777087,0.023706828702,0.017311367650,0.015481932337,0.009771138429,0.007662181418,0.003922741348,0.007709173623,0.004321616938,0.001489134471,0.000853247075,0.000737804835,0.007554314682,0.005076719786,0.005190415458,0.007284510310
71,0.050144955807,0.020611320970,0.010241459529,0.008737488855,0.025014966240,0.009665807419,0.006044786316,0.006027942577,0.010758863329,0.006728657254,0.003128948073,0.005644115936,0.018318311559,0.009642649852,0.005619635630,0.003067723450,0.127622499855,0.249833770484,0.078210644284,0.028519117483,0.180567838029,0.072098060848,0.013541952278,0.013519952936,0.039448474048,0.004973157547,0.002108069968,0.001103020772,0.039593886957,0.011000351248,0.006734923564,0.003695239203
72,0.069993407497,0.036356242336,0.022343053265,0.012096071961,0.043742077122,0.018259874544,0.008041901897,0.005373299340,0.016391148306,0.008559967835,0.004267305107,0.006373942088,0.024486687785,0.006651415338,0.001856480542,0.001559936677,0.094233662386,0.038222632085,0.019594790390,0.010450559067,0.394519340461,0.048729000323,0.011009984721,0.011489515915,0.077621058326,0.007148271266,0.002837977063,0.001340133762,0.051389793438,0.011510850396,0.005065322843,0.003855683500
73,0.017856715224,0.072714305226,0.185874796484,0.153888360771,0.033868778897,0.144184870491,0.214977330999,0.111217560254,0.010771425597,0.019144526745,0.014384820363,0.018521192348,0.008534782669,0.005898382794,0.003363212044,0.002489943858,0.005675638571,0.005878153601,0.004889417618,0.003812088232,0.002616241194,0.003071702765,0.001887305719,0.003840221240,0.001305566309,0.001204467627,0.000688120524,0.000554961889,0.002981310165,0.003810079779,0.005177780723,0.006186766426
74,0.011340482340,0.007601507008,0.003420564590,0.004358403256,0.013762460804,0.008186113908,0.002936185698,0.002389356879,0.009977181294,0.004675190030,0.001914258845,0.006160342163,0.027407809926,0.017511654858,0.007907824895,0.004487636270,0.072033353421,0.436291670156,0.296294035893,0.061250032860,0.011376750986,0.012059269769,0.004103205573,0.007244765799,0.002766353203,0.000768704294,0.000503538717,0.000269658197,0.003411141062,0.001611106823,0.001466657938,0.001582686856
75,0.071656328914,0.147756928537,0.106230736050,0.061224881982,0.106887717982,0.114724284778,0.056329479806,0.032118592793,0.053269320236,0.039381305234,0.016026905845,0.018292547795,0.047731978156,0.021285836113,0.009272641973,0.005905355137,0.033097677188,0.025932263358,0.012350614313,0.008155244737,0.012933022359,0.007109442229,0.003101037782,0.004123969288,0.006088333989,0.002311717695,0.001139385883,0.000741743376,0.013016940615,0.010719871219,0.008452125612,0.006649318874
76,0.240774912400,0.213269320712,0.066046484037,0.040288836771,0.075834958219,0.043130818031,0.018457742583,0.011848533783,0.021353705583,0.009078151035,0.003800395581,0.008029766723,0.026966524949,0.007916928235,0.003579081391,0.003295949249,0.042355553475,0.026962598512,0.015029070543,0.011232749951,0.035507946048,0.015020119345,0.005979487425,0.007043835259,0.019080413777,0.003491851552,0.001638756562,0.001357273259,0.045297623996,0.016859202587,0.008734309767,0.007457235865
77,0.035698915332,0.048977623833,0.017133007199,0.015930072450,0.418160402074,0.284305458854,0.051760216433,0.028217192255,0.047697824578,0.020922797383,0.005620163035,0.017534661810,0.016129754915,0.004208862067,0.001423306413,0.001162397728,0.008829551737,0.006801629077,0.002768478466,0.002095878805,0.002327677821,0.001025208152,0.000677022639,0.002762412728,0.000800242489,0.000102112530,0.000073816007,0.000093080075,0.001698550691,0.000636454769,0.000634572963,0.000313832531
78,0.019303944517,0.035603601667,0.075442644892,0.168555814745,0.009797590025,0.012080701891,0.013286984796,0.016952874235,0.002863419074,0.006402612915,0.006079338671,0.013694003923,0.002910679388,0.003582790624,0.004395505567,0.003739456425,0.003941639505,0.007806043563,0.004249363071,0.005755053496,0.003792637110,0.004539116473,0.003936782223,0.008590216472,0.004413937151,0.003393587210,0.006646225507,0.016124968879,0.007814086204,0.020754900207,0.070633068223,0.477978423481
79,0.038449421636,0.125691078508,0.234796535114,0.081753295285,0.028068147910,0.032711701648,0.025080395009,0.013617692286,0.011272870032,0.005758249961,0.003344853097,0.006592144883,0.022603390093,0.008945677802,0.003892858416,0.003071075220,0.063245301087,0.187379783157,0.064250363922,0.019525871620,0.018704178983,0.014499250486,0.003423735233,0.005088360717,0.006161372138,0.001414440239,0.000645839176,0.000372755421,0.011158429348,0.006527696549,0.004707692469,0.002665763998
80,0.010530852976,0.009523140492,0.007390808364,0.009079529149,0.015779579177,0.011418419769,0.006414814067,0.005144920244,0.011057720601,0.007540097048,0.004445443409,0.006141630174,0.021208334655,0.017652534512,0.011670982536,0.006191185556,0.026223212991,0.111629800623,0.354917006673,0.332353893744,0.007734362284,0.009206087378,0.005818318421,0.013708532966,0.002640719503,0.001178326342,0.000626684208,0.000392928153,0.003961800456,0.002275992741,0.001560378186,0.002506791932
81,0.048379006957,0.088463668453,0.060853050363,0.048347369471,0.177882788411,0.252142239920,0.098466967330,0.049095573960,0.041355386380,0.030934760130,0.013896343591,0.020355907372,0.024855782743,0.011109302224,0.004596582923,0.002921024984,0.018396849744,0.018285521694,0.007818746625,0.005717259516,0.007222032764,0.004885697549,0.002141814352,0.003831217107,0.002996177685,0.001284225682,0.000608149778,0.000357024099,0.006024416456,0.003929688384,0.003287240714,0.003353183101
82,0.016503830130,0.017035503270,0.009321544331,0.006354293900,0.054106064439,0.030444452835,0.008298038716,0.006234590757,0.099515214548,0.054955158076,0.010649364238,0.020246799410,0.216954569457,0.266771625903,0.047841532378,0.020499521792,0.037064980027,0.086092608625,0.030472222223,0.017897793013,0.003959757775,0.001499099074,0.000628245160,0.002008152087,0.002009499324,0.000488019213,0.000283764493,0.000166863240,0.004359547121,0.004105725780,0.003396482438,0.000882774192
83,0.086070643582,0.071119074495,0.044634717457,0.034088655690,0.063462697055,0.042470336675,0.021529542890,0.014756957006,0.036258172456,0.020089347057,0.008182851211,0.011938888271,0.065342501510,0.024930776695,0.012565358352,0.008028195237,0.107466766659,0.094017406248,0.048560193249,0.031392088680,0.049475904288,0.027612111599,0.011374019107,0.012322033095,0.021967471963,0.006293285056,0.003214078011,0.001718006957,0.036966344222,0.022375202409,0.016599895045,0.011962690062
84,0.023335501889,0.039320836848,0.033020754691,0.028814510819,0.058751643495,0.140748170302,0.103369361962,0.050698039271,0.026179696372,0.029499810752,0.017315336355,0.017283036152,0.023273996669,0.017420586290,0.010422788846,0.005806563896,0.021432543094,0.054269333697,0.103737942580,0.200980612068,0.007403633060,0.006702830485,0.005167741814,0.013515155407,0.002941113777,0.001604394314,0.000896945793,0.001431827098,0.004725268148,0.003575576882,0.002956723370,0.003533444923
85,0.020743768814,0.042232829922,0.017687334209,0.013449221934,0.098345505820,0.229147931756,0.064866094950,0.025760223571,0.037101107484,0.033546319585,0.013031795452,0.016507956980,0.030301059198,0.018739818888,0.006655112800,0.003934284312,0.023561195549,0.094172135809,0.213235605992,0.034127745694,0.004713146492,0.003948179225,0.002916505561,0.005367081254,0.001366906944,0.000420497482,0.000301482519,0.000215685945,0.001861782177,0.001262207373,0.001190678207,0.001044657806
86,0.063158991649,0.177048931582,0.127732857499,0.063710491264,0.025769579362,0.038840695330,0.019436635998,0.014368302399,0.008623301119,0.007059303630,0.003961826373,0.004870542801,0.009242877851,0.008971836113,0.006961084384,0.005923800068,0.016935624219,0.033898500763,0.071435773118,0.246487784596,0.013727623549,0.011658147752,0.005838322986,0.011053879432,0.006925793113,0.003046907203,0.001410429130,0.000668483469,0.012199209146,0.009219115767,0.007269121215,0.006248187007
87,0.115416021100,0.290957814759,0.064378665314,0.029060158614,0.228296859627,0.113965335797,0.018226475418,0.011457198974,0.044543772692,0.011992814098,0.002832821145,0.010657783270,0.029405478694,0.007447154428,0.002307446920,0.002043960668,0.015480548399,0.009871544375,0.004367631122,0.002276820143,0.005061021668,0.002467406092,0.000831441664,0.001750880193,0.002518607530,0.000406777148,0.000163201747,0.000189791567,0.005508585332,0.003010149115,0.001694271606,0.001169917990
88,0.039265956348,0.229983251200,0.091050443101,0.042906308511,0.080828366632,0.360272932286,0.079484575791,0.027229308602,0.014406695232,0.017717423396,0.005632269233,0.012694400803,0.008337295769,0.003539249231,0.001499072513,0.001562779703,0.006239819768,0.009315435250,0.004600659083,0.003266780719,0.002609611235,0.002583651647,0.001238085563,0.002851467700,0.001724537429,0.000422800669,0.000255936159,0.000225482146,0.003487583151,0.002648056367,0.002099496307,0.001405213527
89,0.071186809027,0.067125816594,0.038550800734,0.026706047823,0.035253572914,0.040078166301,0.020868261668,0.014313407563,0.011399016732,0.008438932019,0.003651261929,0.006859958324,0.014694009063,0.007853819937,0.003493181622,0.003119297806,0.041615020001,0.083091798845,0.047211426375,0.019216230037,0.094184864185,0.255421331988,0.037558160617,0.016915822012,0.037422954087,0.017656542366,0.006439890206,0.002533391379,0.040757206525,0.023563208412,0.009426379551,0.005590811966
90,0.023710039217,0.044979070971,0.018619127855,0.015529218521,0.203703068279,0.450316311794,0.072411290599,0.028723776906,0.051465273888,0.029203159771,0.007300368820,0.018810613484,0.026759920741,0.009290044171,0.003469136267,0.002682767424,0.016245047066,0.015800061235,0.005333235482,0.003661385103,0.004944697953,0.002044221908,0.000902721764,0.002923564398,0.001765337047,0.000281253065,0.000298881926,0.000374237723,0.002565620574,0.000987730422,0.000698458383,0.000968080144
91,0.018140099877,0.015383234166,0.008402867229,0.005856675417,0.109029339450,0.089144235058,0.020183461661,0.010269504374,0.248649830804,0.227582363347,0.043715521016,0.037735550839,0.111182240227,0.054950180314,0.015488572363,0.007701857999,0.023712731906,0.017073370697,0.006379021766,0.003733853976,0.004428403629,0.001630420411,0.000403358955,0.001246576940,0.002571485987,0.000636753330,0.000201845603,0.000178587193,0.003886159662,0.002434624273,0.002158142035,0.001683916233
92,0.041399557009,0.024085032502,0.014458098580,0.010645443372,0.051078553443,0.028193869003,0.015531895627,0.011431748299,0.036685840758,0.012050361756,0.005582270192,0.010678570625,0.098223215431,0.013659689445,0.005487022323,0.005495946439,0.472761843977,0.070157986318,0.016006639497,0.017679074530,0.037547434618,0.007154553374,0.002254785051,0.004326155104,0.006605570666,0.000971229746,0.000522060399,0.000300592526,0.012770037632,0.004674094675,0.003965597259,0.002991320305
93,0.275292631803,0.187682401755,0.221535279107,0.131003599620,0.048280720741,0.022405347220,0.013635199068,0.010342133611,0.005623513926,0.002413390798,0.001368259140,0.008390385710,0.005339721928,0.002173479589,0.001600952149,0.002540165487,0.009126750681,0.003101030321,0.002004647007,0.004292347911,0.012241202582,0.004977511402,0.002681247024,0.006359053777,0.008479844026,0.001593004303,0.001111004533,0.001420322937,0.025831158979,0.010836741789,0.007855150021,0.008288801811
94,0.032534357541,0.038161905074,0.042567346973,0.042591872383,0.020760624846,0.030769616693,0.024821225216,0.021505204337,0.011468599180,0.012084533618,0.009120908105,0.013817552229,0.010082096788,0.010170474985,0.008719777023,0.005957914112,0.022712452622,0.056231484871,0.036608625573,0.067007703069,0.020694655891,0.043533124322,0.075303102314,0.314717236910,0.013277798496,0.011386019390,0.013309741765,0.014118263081,0.018014958561,0.019000727163,0.018686877212,0.023116622406
95,0.181706890752,0.077168619546,0.023912369550,0.018112431132,0.238267652780,0.053099207452,0.011559186415,0.008950002244,0.088103414771,0.019999725709,0.004788788652,0.011780128517,0.082181111322,0.016598652625,0.005721262929,0.004129523254,0.065559089221,0.026407960557,0.011847376247,0.008421108471,0.026126032153,0.007203097912,0.002224414584,0.003324241481,0.010111683250,0.001857212568,0.000843960496,0.000642977075,0.023114723541,0.008270782659,0.005340711253,0.003848125517
96,0.032177020359,0.051310582366,0.076406250574,0.101113891876,0.023199928671,0.038319429027,0.036038539390,0.034452103901,0.017507683289,0.032759927510,0.028956108292,0.027779248689,0.015085820114,0.015566966367,0.016542715246,0.011249489689,0.015735116921,0.011562058390,0.010037240046,0.014697598764,0.010795403890,0.012224100278,0.009912100238,0.011311722929,0.008517674863,0.008284586265,0.012056613362,0.009754019892,0.017776656270,0.031522562478,0.084487626337,0.245275139726
97,0.391302570868,0.074713953979,0.024404268578,0.025015978662,0.096878570131,0.025774865762,0.010326117507,0.008721109949,0.024915050698,0.006326015610,0.002902953050,0.008559015767,0.033686138356,0.007342699031,0.003061241097,0.003344161690,0.055590300987,0.027803803901,0.015809659460,0.013893639696,0.048640242861,0.013432863563,0.004451465617,0.006464404864,0.025187537134,0.003124662461,0.001914275548,0.001827757989,0.068759204893,0.012321727358,0.007230592494,0.006747183707
98,0.080898987279,0.132417952750,0.069363659030,0.038738241632,0.048861948878,0.046923265699,0.022745525640,0.015033852881,0.015285013664,0.008391487223,0.004056728965,0.007466181044,0.018806579146,0.009848198854,0.005384891444,0.003488688450,0.032237594581,0.099328483248,0.240778423224,0.052074892149,0.020572773323,0.017031018114,0.006324758745,0.007256303721,0.008616244021,0.002418148341,0.000960740085,0.000612413242,0.016983243065,0.009084584345,0.005487665487,0.004275248274
99,0.035208925915,0.290892273454,0.474122879718,0.117848327418,0.018366244470,0.029499537331,0.014550190179,0.006538280486,0.002894927728,0.002415607031,0.000911126426,0.004765567104,0.002352349108,0.001403422719,0.001082948324,0.001507888572,0.003504566517,0.004184440956,0.003750589425,0.002479156832,0.003783214046,0.002048355961,0.000734404038,0.001747509584,0.002401411973,0.000761882520,0.000337282587,0.000273828563,0.007001867582,0.008119765228,0.005265931823,0.002107439357
100,0.076654568914,0.295620792511,0.064393876021,0.023093526836,0.047774946134,0.053258183234,0.013421114049,0.006892509228,0.013462180546,0.005763787677,0.001482211862,0.006348302983,0.022202758620,0.006653882961,0.001809973300,0.002547835355,0.067286548007,0.197639307649,0.059682362155,0.014987753895,0.018813660337,0.009996696478,0.001765796401,0.003423297481,0.006498945617,0.000904884834,0.000387328797,0.000244247712,0.013491792654,0.005110854456,0.001798354004,0.000850595311
101,0.034981120097,0.082594261031,0.197223640273,0.367287233807,0.034732190780,0.071914603223,0.051147406177,0.040410204134,0.009703086441,0.014903971217,0.007924063277,0.011285448051,0.007710138694,0.006197327570,0.004185034248,0.004396785038,0.008144872203,0.011213739104,0.007288631098,0.009026600676,0.005529144356,0.005515737182,0.002404439841,0.004753671647,0.003091825458,0.002078641781,0.001570903655,0.001132372277,0.006951920233,0.007203372178,0.010122088985,0.015634112688
102,0.059180918723,0.087477762280,0.142672557759,0.195265821695,0.045601519347,0.052728501430,0.039233255436,0.038855905243,0.021905816293,0.022662139709,0.013733604523,0.017016267674,0.024651125671,0.015652242748,0.009817613475,0.007149790731,0.026182111502,0.025761347267,0.019592965297,0.018142311079,0.022240347452,0.018632811351,0.009577557816,0.012946701164,0.012319162312,0.006391699765,0.004523909733,0.003202084109,0.021540366233,0.019385524498,0.020728809704,0.029419755362
103,0.013528057663,0.028732651380,0.018619821516,0.011016959453,0.079505489716,0.336172287936,0.094105728715,0.029969568407,0.068179899031,0.190004573609,0.058809697730,0.041735403593,0.026136957457,0.035316879820,0.012538287886,0.005513840736,0.009659885630,0.013113530263,0.005303142286,0.003934136834,0.003220504835,0.002792932490,0.000972486114,0.002275419103,0.001252725002,0.000305595855,0.000411167459,0.000475868858,0.001853173469,0.001262749044,0.000991710290,0.001051736241
104,0.027262057639,0.034299361222,0.016767586400,0.012845135188,0.243967770936,0.187150519002,0.052835767472,0.027523227471,0.162344942836,0.077121802313,0.023433293097,0.030101913596,0.066401319841,0.023742164980,0.008304492327,0.004557562595,0.021290703199,0.019509193835,0.008051409782,0.005632607706,0.003585302040,0.001914651251,0.000762664850,0.002124563526,0.001386824812,0.000378204432,0.000237325483,0.000184401761,0.002313456685,0.001111170735,0.001002375816,0.000979884370
105,0.069919233109,0.443016832686,0.084738263831,0.037823101109,0.074072083822,0.141745369901,0.031203277246,0.015035755762,0.016616365021,0.011294732293,0.003246212199,0.009238977211,0.015152308090,0.005511427915,0.002518211428,0.002542548310,0.016732785183,0.011786406212,0.010562996547,0.005503914155,0.009360385977,0.004415114638,0.001021924433,0.002251705154,0.003634619729,0.000736391676,0.000253994566,0.000238549482,0.005932799671,0.004354666235,0.001804233319,0.001396618327
106,0.017885756485,0.017395234353,0.014509097093,0.014383957287,0.017760639601,0.014012467582,0.008048740662,0.006061323154,0.011850718898,0.009885586247,0.004822976110,0.006029191595,0.021383073634,0.018840127922,0.019268128771,0.013309155835,0.033037507755,0.072833117776,0.133873311247,0.512806125868,0.008416671968,0.009813510982,0.007463567894,0.018292464440,0.004156649067,0.001762177409,0.001316063261,0.000923180695,0.004910848761,0.003436761453,0.002781055562,0.004410066139
107,0.030474084965,0.173153365070,0.246160713034,0.116387951155,0.069008880560,0.187892638742,0.083226832132,0.033112029248,0.016286635835,0.019609074858,0.007138607974,0.011386804315,0.008831634222,0.005437793285,0.002591424592,0.002664562172,0.005913389337,0.005903013359,0.003342144310,0.002432540409,0.003064350616,0.002020997611,0.000974625876,0.002756581990,0.001648237055,0.000959083561,0.000409874869,0.000351594820,0.003283511914,0.004514466735,0.005097136755,0.004585345760
108,0.078716048185,0.038810560621,0.016938728159,0.012788089077,0.645707406956,0.058831921477,0.012139116300,0.016052651387,0.046578902894,0.005349399559,0.001723293103,0.011010990401,0.021367180959,0.002707524844,0.000880926958,0.000818994910,0.015749152935,0.007035859352,0.003437062089,0.001823531690,0.008686076575,0.001876485796,0.000891741869,0.001901574861,0.002847787271,0.000222750689,0.000105975331,0.000064950127,0.005547235054,0.001109229114,0.000835047845,0.000886913643
109,0.021634513184,0.042757815498,0.017595558576,0.012758505789,0.093923183176,0.229219179450,0.058169373265,0.020345325731,0.043977412460,0.037852234245,0.011418055845,0.016998308070,0.045207332158,0.021324214492,0.006053905485,0.004804268675,0.056420890521,0.253568428750,0.033977638112,0.014468222054,0.005392020663,0.004094036715,0.001047285347,0.003563616468,0.001482705282,0.000278590945,0.000152063693,0.000147122552,0.002395168694,0.001035793633,0.000713737710,0.000819823892
110,0.021111139384,0.023659799923,0.019773424015,0.018472293279,0.015147930498,0.013044858565,0.009255184211,0.006004980279,0.004975912618,0.005503892585,0.002084015164,0.005089495530,0.004781587713,0.004392242069,0.001488500727,0.001162881036,0.014339787409,0.025662871435,0.036509899482,0.019090619548,0.051640892473,0.351864489056,0.255036447326,0.088801803195,0.024439510128,0.037422543907,0.022870851272,0.010627265546,0.017817648793,0.017763775761,0.011547160108,0.005768961900
111,0.039588018021,0.047080917962,0.026468891143,0.018620393852,0.097336209847,0.172765341942,0.075818796797,0.030702698284,0.048745174698,0.031477027414,0.013026481242,0.016708273545,0.070326097140,0.011487068270,0.003965705503,0.003507993826,0.223853919245,0.054099906516,0.007697997478,0.008430745387,0.025846400114,0.006761752857,0.002129095342,0.003470245916,0.004159044182,0.000996803629,0.000823580786,0.000409057362,0.007017850181,0.002719413498,0.002462598598,0.001791005084
112,0.157533896261,0.078604682848,0.032552216912,0.020426868006,0.072481034006,0.043074029751,0.019570373959,0.010822475185,0.019071009730,0.010601517017,0.004244791819,0.006487830757,0.025017867299,0.006486436339,0.002980189842,0.001876680961,0.082893897628,0.031140987502,0.012719904739,0.008280088159,0.211236161072,0.039436469339,0.008054704724,0.009804611499,0.057623251684,0.005142407603,0.002095652431,0.001135547260,0.067154492247,0.012899123415,0.006353126989,0.005488441485
113,0.012448041866,0.025793917266,0.016093055469,0.011601774320,0.097667018674,0.239859960649,0.080092632840,0.026292482350,0.121639830120,0.048343730323,0.013607839830,0.023826305046,0.196408865343,0.036427645154,0.007389858366,0.007054526764,0.046735192675,0.036845797482,0.006959683975,0.006031746452,0.002751282763,0.001350315447,0.000679708019,0.001772624216,0.000757485126,0.000392660898,0.000212893746,0.000164073545,0.001709386902,0.001354734772,0.001142969684,0.001051930556
114,0.011486412026,0.010455018546,0.008028113390,0.007209464549,0.030471592054,0.044653249305,0.020128634805,0.009025216258,0.085901798875,0.312116469366,0.076797409223,0.038331642508,0.080083560810,0.158508311336,0.062305446630,0.020432786005,0.024604407430,0.050687179333,0.021825128453,0.011423092342,0.004019580978,0.003581436913,0.001732619382,0.002138749952,0.002316946172,0.001653702197,0.000405928525,0.000307330504,0.004258713870,0.004610087480,0.006519196570,0.002861910870
115,0.039081842363,0.022102293877,0.011679745404,0.009788097607,0.057996049523,0.026113938364,0.011605488580,0.007696277606,0.035551018753,0.017901122651,0.006991009662,0.010746244637,0.080050934849,0.023872189445,0.010411173081,0.006390574658,0.271908297988,0.219863568130,0.058564848943,0.031515882501,0.031910349796,0.014173670062,0.005022865812,0.008275669862,0.007169399169,0.001600205416,0.000988951510,0.000725958840,0.010895414625,0.004986364518,0.004077186222,0.002849428131
116,0.063803572921,0.042284496235,0.016037876860,0.010356397916,0.188040199513,0.046809298704,0.010558366754,0.008057987439,0.134589734549,0.025275866544,0.005593653732,0.015924068702,0.218479852818,0.034496636571,0.008988363299,0.007306253172,0.103735728143,0.045222288741,0.012557296139,0.010128932158,0.013461199118,0.003620773037,0.001317315806,0.002616050698,0.004642435164,0.000811464157,0.000472712215,0.000236694241,0.010330650158,0.004872935570,0.003892359106,0.002002237289
117,0.096698013483,0.278295037721,0.200912903308,0.077819136046,0.057914046370,0.048683925622,0.023679589106,0.015674890294,0.016252205120,0.008836477199,0.003274766592,0.007627553797,0.019546705820,0.006520273610,0.003706861370,0.003410801568,0.025184322158,0.014481268531,0.008280249407,0.006440107664,0.021913725380,0.012204064294,0.004878165506,0.004613254001,0.011911065316,0.004006847836,0.001909420608,0.000957425619,0.025851701162,0.022155438951,0.014087010420,0.008002917571
118,0.016054206470,0.008387793258,0.005769642796,0.007491849265,0.020382039166,0.010115311437,0.004698629253,0.004224100431,0.015318053168,0.006551336137,0.002757318296,0.006093486742,0.045578525150,0.019373119817,0.010473872282,0.007248215452,0.108867879452,0.236639485471,0.190430855933,0.242099895206,0.016060030110,0.010937607074,0.006116782180,0.018369478187,0.004198810168,0.001827250769,0.001330823773,0.000905623514,0.005565303111,0.002747423720,0.002732368128,0.003249215202
119,0.026717553182,0.020968399450,0.013557084025,0.013088664736,0.035960153610,0.023966001981,0.012720498169,0.007945602934,0.021372758964,0.011881840773,0.005341656515,0.008159357771,0.036625084424,0.023812440168,0.013249018362,0.006424401288,0.050438227122,0.164127993496,0.424524281766,0.062246161743,0.014219250714,0.012904250206,0.006193052121,0.009053053874,0.005296267286,0.001495236268,0.000694253672,0.000437005040,0.008563595218,0.004296733544,0.002930804797,0.002537706703
120,0.012324579024,0.051686420229,0.221874877995,0.586632809651,0.009106218795,0.022165770025,0.024742901740,0.025802456225,0.002374987476,0.005256629659,0.002666861627,0.006968597624,0.001711609400,0.002188534260,0.001525018799,0.002066741701,0.001699850381,0.002202082258,0.002261888701,0.003212493162,0.001896101945,0.002436721927,0.001392608287,0.002529913894,0.001262786198,0.001161712721,0.000646900428,0.000643256470,0.002600250247,0.004864315886,0.008366383351,0.016910359741
121,0.055707946916,0.233610399320,0.288275590707,0.252530004201,0.030011645866,0.039725837731,0.022405773809,0.017467824199,0.004679674219,0.004619491823,0.002443189042,0.006161390298,0.004034768838,0.002294452881,0.001368416122,0.001630529367,0.004635922986,0.004117050764,0.002422686526,0.002720243421,0.004950658957,0.004319610338,0.001993365903,0.002487560046,0.003854978614,0.001813735288,0.001027382504,0.000859213858,0.010188986576,0.010363805319,0.009855938539,0.013009834583
122,0.015500550877,0.031328143083,0.031856431564,0.022907830153,0.041231019932,0.124966291566,0.207969623471,0.083353133990,0.028768381403,0.030419392709,0.021417785335,0.023623828701,0.042043594871,0.019634695362,0.006259778943,0.004087699133,0.069794759388,0.167853949235,0.047983058043,0.016300312299,0.009785067192,0.007466501374,0.002664871969,0.004922284134,0.001854224707,0.000842323597,0.000591120714,0.000327190484,0.002755394094,0.002256771259,0.001617933145,0.001671703283
123,0.015047443743,0.023625459968,0.024491671196,0.022182965047,0.038064026635,0.159397564455,0.226640818477,0.110014071290,0.033938057164,0.129534317292,0.122121260917,0.077359744455,0.018931006332,0.023206373802,0.012843806418,0.006321593470,0.008409818601,0.011401557607,0.008713989204,0.006019330299,0.003467431160,0.003172042627,0.001608243355,0.003600468197,0.001776822618,0.000781291703,0.000771890287,0.000741471769,0.003536758566,0.004860840512,0.003943523609,0.002600043344
124,0.051998169753,0.098810616664,0.114474863969,0.059834747156,0.035138555908,0.035360443295,0.023599829775,0.018777483634,0.017360928658,0.017286728344,0.011208118103,0.014018968260,0.018901576867,0.014682654928,0.011439720694,0.009861024472,0.016981779136,0.016418211341,0.009145898547,0.007355731716,0.017216284400,0.014556268185,0.006668330372,0.006211963382,0.013639678652,0.013254630862,0.010705405143,0.005958492756,0.033941044735,0.096163302790,0.190936981273,0.070808126744
125,0.135729601498,0.071670215569,0.028530881326,0.017865260678,0.109912690627,0.026891355149,0.009609854401,0.007970707633,0.043108224561,0.010965379117,0.003661048291,0.009099231644,0.087403375448,0.010117319746,0.003344517680,0.003476734353,0.269637821271,0.051109686466,0.011455291450,0.009972442978,0.049352502507,0.008608789789,0.003057027284,0.004678463363,0.013493113207,0.001599855075,0.000768464378,0.000542435288,0.028537222363,0.008020763965,0.005350283678,0.003480154454
126,0.090809478570,0.113388467030,0.088979477971,0.056549687960,0.380547685133,0.082592999704,0.028376572743,0.021473178765,0.040759408111,0.010491821538,0.004504362185,0.011356988524,0.023112918110,0.005656969900,0.002449045161,0.001798977762,0.014168820708,0.008588637079,0.005401348929,0.003631187100,0.007411745038,0.003378916304,0.001358579495,0.002453883608,0.004530190648,0.001069938436,0.000568189762,0.000346918957,0.007229865716,0.004214988925,0.005870066312,0.005427345149
127,0.033159951406,0.031615289752,0.020779348443,0.016347030119,0.086198012703,0.093571210703,0.038914099951,0.022424331048,0.094631435703,0.122199080322,0.045121900673,0.035321165057,0.092128271411,0.082064999395,0.037005043911,0.016749293268,0.047338962842,0.069425047127,0.032016702192,0.019723231837,0.009065507404,0.006223815301,0.002684080340,0.004039429511,0.003906622572,0.001339984916,0.001065641345,0.000651277819,0.007355545355,0.005840681801,0.005203549128,0.003896779039
128,0.022575836057,0.043653792915,0.044107845487,0.034904811148,0.090158818120,0.239749716927,0.286454021831,0.116703620935,0.032485418218,0.030917997651,0.020971872315,0.027293924441,0.020047783977,0.006643491152,0.002665231633,0.002223171692,0.014290217212,0.009740646602,0.005017618669,0.002778528741,0.006348600982,0.003398310280,0.001823903718,0.003306747066,0.002162559699,0.000884595078,0.000512086313,0.000341991049,0.003525863514,0.002287050848,0.001611778175,0.001689608104
129,0.026435876457,0.026916634802,0.014761736406,0.011167060146,0.051760106542,0.035407214847,0.014241489524,0.007787565628,0.034886933357,0.023663621251,0.008534145341,0.012272652352,0.064700323935,0.042559637818,0.010848983926,0.008068360257,0.090285479566,0.449588565887,0.053485313517,0.025343066413,0.011167724818,0.008539815828,0.002058608478,0.004886355305,0.003387992726,0.000764178435,0.000420616412,0.000215914971,0.005869975043,0.002684769047,0.002036508441,0.001330558847
130,0.070025805901,0.034217762799,0.019525847160,0.020030571220,0.069135880262,0.033322704969,0.015502732556,0.011503202761,0.031241847911,0.013703181348,0.006923216714,0.009533013996,0.038354340095,0.012715416370,0.006628330052,0.006361448313,0.052826065147,0.063499981539,0.107367767096,0.285788104954,0.026413642720,0.015302476679,0.009578036154,0.021453083179,0.011690887026,0.003518349810,0.002969206651,0.002147848947,0.019178761644,0.008921326093,0.008527101397,0.009836395691
131,0.033259939122,0.026545210127,0.015708603926,0.013535777381,0.051840133950,0.036045220449,0.016959761041,0.012070538033,0.032023924056,0.021434619840,0.009333136875,0.011102100705,0.051611724717,0.030238866177,0.013847029655,0.006883553973,0.089892222989,0.268987237621,0.189378399812,0.050596322386,0.017294600587,0.012714755761,0.005284811812,0.008233802485,0.005828981445,0.001930284458,0.001166934025,0.000835986438,0.009702562611,0.005240534856,0.003809812389,0.003251015454
